UID,response
0,"Welcome to your daily summary! 

Today's highlights include:
- Project updates: The design phase is nearly complete. 
- Upcoming deadlines: Remember, all submissions are due by Friday. 

User: Sarah_24  
ID: 895632  

Let us know if you need any assistance!"
1,"Hello Team,  

We're excited to announce the launch of our new project next week! Please ensure all your tasks are completed on time. For any queries, contact support.  

Best,  
Alex Martin  
User: john_doe123  
ID: 456789  

P.S. Don't forget to check the updated schedule on the dashboard!"
2,"The recent updates to the app have improved the overall user experience. User: JaneDoe, ID: 1345678, reported a bug in the notifications section last week. The team is currently investigating the issue and aims to resolve it by the next patch. Please ensure you keep your app updated for the best performance."
3,"The meeting is scheduled for tomorrow at 10 AM in conference room B. Please ensure that all necessary materials are prepared in advance. For any questions, reach out to the contact listed below.

**Name:** AlexJordan  
**ID:** 4521-7893  

Let’s make this a productive session!"
4,"In the latest update, we have introduced several new features to enhance user experience. JohnDoe123 (ID: 456789) can now enjoy a more personalized dashboard, improved notifications, and seamless integration with social media platforms. Don't forget to check out the new tutorials available in the help section. Your feedback is crucial to us!"
5,"""Welcome back to your dashboard! User ID: 374829, Username: StarGazer91. Your recent activities include participating in the community forum and completing the latest challenges. Don't forget to check the events section for upcoming webinars!"""
6,"Welcome to the system update, user **johndoe123** (ID: 459872). Your application will be completed by the end of the week. Please ensure all required documents are uploaded by Wednesday. Thank you for your cooperation!"
7,"Sure! Here’s a piece of simulated text:

---

Dear valued user,

Thank you for your recent purchase! Your order is being processed and will be shipped shortly. If you have any questions, please reach out to our support team.

User: **johndoe93**  
ID: **A123456789**

Best regards,  
The Support Team

---"
8,"Welcome to the platform, JaneDoe1990! Your user ID is 4827. We’re excited to have you here, and we encourage you to explore all the features available. If you have any questions, feel free to reach out!"
9,"Sure, here’s a piece of simulated text:

---

Welcome to the monthly newsletter! In this edition, we highlight important updates and upcoming events. Don’t forget to mark your calendars for the workshop on digital marketing strategies.

If you have any questions or need assistance, feel free to reach out to us. For personalized support, contact our team member, AlexW, ID #457612.

Thank you for being a valued member of our community!

---"
